what,kind,bundleId,bundleVersion,description,time
activated,view,ch.usi.inf.seahawk,1.0.0,"ch.usi.inf.seahawk.views.SnippetsTreeView",1410802740971
executed,command,org.eclipse.ui,3.6.2.M20110203-1100,"org.eclipse.ui.edit.paste",1410802741340
started,bundle,ca.mcgill.cs.swevo.ppa.ui,1.2.1.201106050716,"ca.mcgill.cs.swevo.ppa.ui",1410802745526
activated,view,ch.usi.inf.seahawk,1.0.0,"ch.usi.inf.seahawk.views.SnippetView",1410802760746
deactivated,workbench,org.eclipse.ui.workbench,3.6.2.M20110210-1200,"",1410802767068
activated,workbench,org.eclipse.ui.workbench,3.6.2.M20110210-1200,"",1410802768648
activated,view,ch.usi.inf.seahawk,1.0.0,"ch.usi.inf.seahawk.views.SnippetsTreeView",1410802770362
deactivated,workbench,org.eclipse.ui.workbench,3.6.2.M20110210-1200,"",1410802773902
activated,workbench,org.eclipse.ui.workbench,3.6.2.M20110210-1200,"",1410802822799
deactivated,workbench,org.eclipse.ui.workbench,3.6.2.M20110210-1200,"",1410802848204
activated,workbench,org.eclipse.ui.workbench,3.6.2.M20110210-1200,"",1410802934906
activated,view,ch.usi.inf.seahawk,1.0.0,"ch.usi.inf.seahawk.views.SnippetView",1410802941057
activated,view,ch.usi.inf.seahawk,1.0.0,"ch.usi.inf.seahawk.views.SnippetsTreeView",1410802947370
deactivated,workbench,org.eclipse.ui.workbench,3.6.2.M20110210-1200,"",1410802950339
activated,workbench,org.eclipse.ui.workbench,3.6.2.M20110210-1200,"",1410803037576
executed,command,org.eclipse.ui,3.6.2.M20110203-1100,"org.eclipse.ui.edit.paste",1410803039299
deactivated,workbench,org.eclipse.ui.workbench,3.6.2.M20110210-1200,"",1410803045003
activated,workbench,org.eclipse.ui.workbench,3.6.2.M20110210-1200,"",1410803052523
deactivated,workbench,org.eclipse.ui.workbench,3.6.2.M20110210-1200,"",1410803060252
activated,workbench,org.eclipse.ui.workbench,3.6.2.M20110210-1200,"",1410803062307
activated,view,ch.usi.inf.seahawk,1.0.0,"ch.usi.inf.seahawk.views.SnippetView",1410803065142
deactivated,workbench,org.eclipse.ui.workbench,3.6.2.M20110210-1200,"",1410803076183
activated,workbench,org.eclipse.ui.workbench,3.6.2.M20110210-1200,"",1410803077933
activated,view,ch.usi.inf.seahawk,1.0.0,"ch.usi.inf.seahawk.views.SnippetsTreeView",1410803079717
deactivated,workbench,org.eclipse.ui.workbench,3.6.2.M20110210-1200,"",1410803085242
activated,workbench,org.eclipse.ui.workbench,3.6.2.M20110210-1200,"",1410803121707
executed,command,org.eclipse.ui,3.6.2.M20110203-1100,"org.eclipse.ui.edit.paste",1410803123223
activated,view,ch.usi.inf.seahawk,1.0.0,"ch.usi.inf.seahawk.views.SnippetView",1410803140872
activated,view,ch.usi.inf.seahawk,1.0.0,"ch.usi.inf.seahawk.views.SnippetsTreeView",1410803146718
deactivated,workbench,org.eclipse.ui.workbench,3.6.2.M20110210-1200,"",1410803149413
activated,workbench,org.eclipse.ui.workbench,3.6.2.M20110210-1200,"",1410803212763
deactivated,workbench,org.eclipse.ui.workbench,3.6.2.M20110210-1200,"",1410803214537
activated,workbench,org.eclipse.ui.workbench,3.6.2.M20110210-1200,"",1410803244450
executed,command,org.eclipse.ui,3.6.2.M20110203-1100,"org.eclipse.ui.edit.paste",1410803246571
activated,view,ch.usi.inf.seahawk,1.0.0,"ch.usi.inf.seahawk.views.SnippetView",1410803265366
activated,view,ch.usi.inf.seahawk,1.0.0,"ch.usi.inf.seahawk.views.SnippetsTreeView",1410803277463
activated,view,ch.usi.inf.seahawk,1.0.0,"ch.usi.inf.seahawk.views.SnippetView",1410803281350
activated,view,ch.usi.inf.seahawk,1.0.0,"ch.usi.inf.seahawk.views.SnippetsTreeView",1410803288253
activated,view,ch.usi.inf.seahawk,1.0.0,"ch.usi.inf.seahawk.views.SnippetView",1410803292764
activated,view,ch.usi.inf.seahawk,1.0.0,"ch.usi.inf.seahawk.views.SnippetsTreeView",1410803297719
activated,view,ch.usi.inf.seahawk,1.0.0,"ch.usi.inf.seahawk.views.SnippetView",1410803301567
activated,view,ch.usi.inf.seahawk,1.0.0,"ch.usi.inf.seahawk.views.SnippetsTreeView",1410803321637
activated,view,ch.usi.inf.seahawk,1.0.0,"ch.usi.inf.seahawk.views.SnippetView",1410803325646
activated,view,ch.usi.inf.seahawk,1.0.0,"ch.usi.inf.seahawk.views.SnippetsTreeView",1410803333662
activated,view,ch.usi.inf.seahawk,1.0.0,"ch.usi.inf.seahawk.views.SnippetView",1410803338214
activated,view,ch.usi.inf.seahawk,1.0.0,"ch.usi.inf.seahawk.views.SnippetsTreeView",1410803344798
activated,view,ch.usi.inf.seahawk,1.0.0,"ch.usi.inf.seahawk.views.SnippetView",1410803349093
activated,view,ch.usi.inf.seahawk,1.0.0,"ch.usi.inf.seahawk.views.SnippetsTreeView",1410803356365
activated,view,ch.usi.inf.seahawk,1.0.0,"ch.usi.inf.seahawk.views.SnippetView",1410803361404
activated,view,ch.usi.inf.seahawk,1.0.0,"ch.usi.inf.seahawk.views.SnippetsTreeView",1410803365757
activated,view,ch.usi.inf.seahawk,1.0.0,"ch.usi.inf.seahawk.views.SnippetView",1410803370772
activated,view,ch.usi.inf.seahawk,1.0.0,"ch.usi.inf.seahawk.views.SnippetsTreeView",1410803376645
activated,view,ch.usi.inf.seahawk,1.0.0,"ch.usi.inf.seahawk.views.SnippetView",1410803381957
activated,view,ch.usi.inf.seahawk,1.0.0,"ch.usi.inf.seahawk.views.SnippetsTreeView",1410803392773
activated,view,ch.usi.inf.seahawk,1.0.0,"ch.usi.inf.seahawk.views.SnippetView",1410803413813
activated,view,ch.usi.inf.seahawk,1.0.0,"ch.usi.inf.seahawk.views.SnippetsTreeView",1410803415593
activated,view,ch.usi.inf.seahawk,1.0.0,"ch.usi.inf.seahawk.views.SnippetView",1410803419876
activated,view,ch.usi.inf.seahawk,1.0.0,"ch.usi.inf.seahawk.views.SnippetsTreeView",1410803422323
activated,view,ch.usi.inf.seahawk,1.0.0,"ch.usi.inf.seahawk.views.SnippetView",1410803426117
deactivated,workbench,org.eclipse.ui.workbench,3.6.2.M20110210-1200,"",1410803428700
activated,workbench,org.eclipse.ui.workbench,3.6.2.M20110210-1200,"",1410803431305
activated,view,ch.usi.inf.seahawk,1.0.0,"ch.usi.inf.seahawk.views.SnippetsTreeView",1410803432684
deactivated,workbench,org.eclipse.ui.workbench,3.6.2.M20110210-1200,"",1410803434538
activated,workbench,org.eclipse.ui.workbench,3.6.2.M20110210-1200,"",1410803603530
executed,command,org.eclipse.ui,3.6.2.M20110203-1100,"org.eclipse.ui.edit.paste",1410803604996
activated,view,ch.usi.inf.seahawk,1.0.0,"ch.usi.inf.seahawk.views.SnippetView",1410803614972
deactivated,workbench,org.eclipse.ui.workbench,3.6.2.M20110210-1200,"",1410803619830
activated,workbench,org.eclipse.ui.workbench,3.6.2.M20110210-1200,"",1410803629920
deactivated,workbench,org.eclipse.ui.workbench,3.6.2.M20110210-1200,"",1410803630556
activated,workbench,org.eclipse.ui.workbench,3.6.2.M20110210-1200,"",1410803631199
activated,view,ch.usi.inf.seahawk,1.0.0,"ch.usi.inf.seahawk.views.SnippetsTreeView",1410803632157
deactivated,workbench,org.eclipse.ui.workbench,3.6.2.M20110210-1200,"",1410803634565
activated,workbench,org.eclipse.ui.workbench,3.6.2.M20110210-1200,"",1410803661416
activated,view,ch.usi.inf.seahawk,1.0.0,"ch.usi.inf.seahawk.views.SnippetView",1410803666996
activated,view,ch.usi.inf.seahawk,1.0.0,"ch.usi.inf.seahawk.views.SnippetsTreeView",1410803676027
activated,view,ch.usi.inf.seahawk,1.0.0,"ch.usi.inf.seahawk.views.SnippetView",1410803680232
deactivated,workbench,org.eclipse.ui.workbench,3.6.2.M20110210-1200,"",1410803738101
activated,workbench,org.eclipse.ui.workbench,3.6.2.M20110210-1200,"",1410803742763
activated,view,ch.usi.inf.seahawk,1.0.0,"ch.usi.inf.seahawk.views.SnippetsTreeView",1410803743787
activated,view,ch.usi.inf.seahawk,1.0.0,"ch.usi.inf.seahawk.views.SnippetView",1410803749171
activated,view,ch.usi.inf.seahawk,1.0.0,"ch.usi.inf.seahawk.views.SnippetsTreeView",1410803755923
activated,view,ch.usi.inf.seahawk,1.0.0,"ch.usi.inf.seahawk.views.SnippetView",1410803759907
activated,view,ch.usi.inf.seahawk,1.0.0,"ch.usi.inf.seahawk.views.SnippetsTreeView",1410803766116
activated,view,ch.usi.inf.seahawk,1.0.0,"ch.usi.inf.seahawk.views.SnippetView",1410803770979
activated,view,ch.usi.inf.seahawk,1.0.0,"ch.usi.inf.seahawk.views.SnippetsTreeView",1410803778145
activated,view,ch.usi.inf.seahawk,1.0.0,"ch.usi.inf.seahawk.views.SnippetView",1410803783938
activated,view,ch.usi.inf.seahawk,1.0.0,"ch.usi.inf.seahawk.views.SnippetsTreeView",1410803793138
activated,view,ch.usi.inf.seahawk,1.0.0,"ch.usi.inf.seahawk.views.SnippetView",1410803798440
activated,view,ch.usi.inf.seahawk,1.0.0,"ch.usi.inf.seahawk.views.SnippetsTreeView",1410803807092
activated,view,ch.usi.inf.seahawk,1.0.0,"ch.usi.inf.seahawk.views.SnippetView",1410803812121
deactivated,workbench,org.eclipse.ui.workbench,3.6.2.M20110210-1200,"",1410803821411
activated,workbench,org.eclipse.ui.workbench,3.6.2.M20110210-1200,"",1410803954966
activated,view,ch.usi.inf.seahawk,1.0.0,"ch.usi.inf.seahawk.views.SnippetsTreeView",1410803956129
executed,command,org.eclipse.ui,3.6.2.M20110203-1100,"org.eclipse.ui.edit.paste",1410803957496
activated,view,ch.usi.inf.seahawk,1.0.0,"ch.usi.inf.seahawk.views.SnippetView",1410803967866
activated,view,ch.usi.inf.seahawk,1.0.0,"ch.usi.inf.seahawk.views.SnippetsTreeView",1410803984457
activated,view,ch.usi.inf.seahawk,1.0.0,"ch.usi.inf.seahawk.views.SnippetView",1410803989168
activated,view,ch.usi.inf.seahawk,1.0.0,"ch.usi.inf.seahawk.views.SnippetsTreeView",1410804002145
activated,view,ch.usi.inf.seahawk,1.0.0,"ch.usi.inf.seahawk.views.SnippetView",1410804004811
no handler,command,org.eclipse.ui,3.6.2.M20110203-1100,"org.eclipse.ui.edit.copy",1410804036865
no handler,command,org.eclipse.ui,3.6.2.M20110203-1100,"org.eclipse.ui.edit.copy",1410804036866
deactivated,workbench,org.eclipse.ui.workbench,3.6.2.M20110210-1200,"",1410804037027
no handler,command,org.eclipse.ui,3.6.2.M20110203-1100,"org.eclipse.ui.edit.findReplace",1410804037062
no handler,command,org.eclipse.ui,3.6.2.M20110203-1100,"org.eclipse.ui.edit.findReplace",1410804037062
activated,workbench,org.eclipse.ui.workbench,3.6.2.M20110210-1200,"",1410804056778
deactivated,workbench,org.eclipse.ui.workbench,3.6.2.M20110210-1200,"",1410804059183
activated,workbench,org.eclipse.ui.workbench,3.6.2.M20110210-1200,"",1410804059278
activated,view,ch.usi.inf.seahawk,1.0.0,"ch.usi.inf.seahawk.views.SnippetsTreeView",1410804072466
activated,view,ch.usi.inf.seahawk,1.0.0,"ch.usi.inf.seahawk.views.SnippetView",1410804077312
activated,view,ch.usi.inf.seahawk,1.0.0,"ch.usi.inf.seahawk.views.SnippetsTreeView",1410804087586
activated,view,ch.usi.inf.seahawk,1.0.0,"ch.usi.inf.seahawk.views.SnippetView",1410804091520
activated,view,ch.usi.inf.seahawk,1.0.0,"ch.usi.inf.seahawk.views.SnippetsTreeView",1410804154046
activated,view,ch.usi.inf.seahawk,1.0.0,"ch.usi.inf.seahawk.views.SnippetView",1410804159287
activated,view,ch.usi.inf.seahawk,1.0.0,"ch.usi.inf.seahawk.views.SnippetsTreeView",1410804194845
activated,view,ch.usi.inf.seahawk,1.0.0,"ch.usi.inf.seahawk.views.SnippetView",1410804205391
deactivated,workbench,org.eclipse.ui.workbench,3.6.2.M20110210-1200,"",1410804207648
activated,workbench,org.eclipse.ui.workbench,3.6.2.M20110210-1200,"",1410804254026
activated,view,ch.usi.inf.seahawk,1.0.0,"ch.usi.inf.seahawk.views.SnippetsTreeView",1410804255316
executed,command,org.eclipse.ui,3.6.2.M20110203-1100,"org.eclipse.ui.edit.paste",1410804256602
activated,view,ch.usi.inf.seahawk,1.0.0,"ch.usi.inf.seahawk.views.SnippetView",1410804267294
activated,view,ch.usi.inf.seahawk,1.0.0,"ch.usi.inf.seahawk.views.SnippetsTreeView",1410804281344
activated,view,ch.usi.inf.seahawk,1.0.0,"ch.usi.inf.seahawk.views.SnippetView",1410804287814
activated,view,ch.usi.inf.seahawk,1.0.0,"ch.usi.inf.seahawk.views.SnippetsTreeView",1410804297107
activated,view,ch.usi.inf.seahawk,1.0.0,"ch.usi.inf.seahawk.views.SnippetView",1410804300335
activated,view,ch.usi.inf.seahawk,1.0.0,"ch.usi.inf.seahawk.views.SnippetsTreeView",1410804318111
activated,view,ch.usi.inf.seahawk,1.0.0,"ch.usi.inf.seahawk.views.SnippetView",1410804321414
activated,view,ch.usi.inf.seahawk,1.0.0,"ch.usi.inf.seahawk.views.SnippetsTreeView",1410804325894
activated,view,ch.usi.inf.seahawk,1.0.0,"ch.usi.inf.seahawk.views.SnippetView",1410804328510
activated,view,ch.usi.inf.seahawk,1.0.0,"ch.usi.inf.seahawk.views.SnippetsTreeView",1410804333576
activated,view,ch.usi.inf.seahawk,1.0.0,"ch.usi.inf.seahawk.views.SnippetView",1410804336502
activated,view,ch.usi.inf.seahawk,1.0.0,"ch.usi.inf.seahawk.views.SnippetsTreeView",1410804341914
activated,view,ch.usi.inf.seahawk,1.0.0,"ch.usi.inf.seahawk.views.SnippetView",1410804345448
activated,view,ch.usi.inf.seahawk,1.0.0,"ch.usi.inf.seahawk.views.SnippetsTreeView",1410804348982
activated,view,ch.usi.inf.seahawk,1.0.0,"ch.usi.inf.seahawk.views.SnippetView",1410804351591
activated,view,ch.usi.inf.seahawk,1.0.0,"ch.usi.inf.seahawk.views.SnippetsTreeView",1410804354285
activated,view,ch.usi.inf.seahawk,1.0.0,"ch.usi.inf.seahawk.views.SnippetView",1410804357342
activated,view,ch.usi.inf.seahawk,1.0.0,"ch.usi.inf.seahawk.views.SnippetsTreeView",1410804373562
activated,view,ch.usi.inf.seahawk,1.0.0,"ch.usi.inf.seahawk.views.SnippetView",1410804378567
deactivated,workbench,org.eclipse.ui.workbench,3.6.2.M20110210-1200,"",1410804384231
activated,workbench,org.eclipse.ui.workbench,3.6.2.M20110210-1200,"",1410804403058
activated,view,ch.usi.inf.seahawk,1.0.0,"ch.usi.inf.seahawk.views.SnippetsTreeView",1410804404237
executed,command,org.eclipse.ui,3.6.2.M20110203-1100,"org.eclipse.ui.edit.paste",1410804405465
activated,view,ch.usi.inf.seahawk,1.0.0,"ch.usi.inf.seahawk.views.SnippetView",1410804413550
activated,view,ch.usi.inf.seahawk,1.0.0,"ch.usi.inf.seahawk.views.SnippetsTreeView",1410804419352
activated,view,ch.usi.inf.seahawk,1.0.0,"ch.usi.inf.seahawk.views.SnippetView",1410804423022
activated,view,ch.usi.inf.seahawk,1.0.0,"ch.usi.inf.seahawk.views.SnippetsTreeView",1410804428929
activated,view,ch.usi.inf.seahawk,1.0.0,"ch.usi.inf.seahawk.views.SnippetView",1410804432567
activated,view,ch.usi.inf.seahawk,1.0.0,"ch.usi.inf.seahawk.views.SnippetsTreeView",1410804438566
activated,view,ch.usi.inf.seahawk,1.0.0,"ch.usi.inf.seahawk.views.SnippetView",1410804444029
activated,view,ch.usi.inf.seahawk,1.0.0,"ch.usi.inf.seahawk.views.SnippetsTreeView",1410804448697
activated,perspective,org.eclipse.ui.ide.application,,"org.eclipse.ui.resourcePerspective",1410805067662
started,bundle,org.eclipse.osgi,3.6.2.R36x_v20110210,"org.eclipse.osgi",1410805067664
started,bundle,org.eclipse.equinox.simpleconfigurator,1.0.200.v20100503,"org.eclipse.equinox.simpleconfigurator",1410805067665
started,bundle,ch.usi.inf.seahawk,1.0.0,"ch.usi.inf.seahawk",1410805067665
started,bundle,com.ibm.icu,4.2.1.v20100412,"com.ibm.icu",1410805067666
started,bundle,org.eclipse.cdt.codan.core,1.0.0.201102110609,"org.eclipse.cdt.codan.core",1410805067666
started,bundle,org.eclipse.cdt.codan.core.cxx,1.0.0.201102110609,"org.eclipse.cdt.codan.core.cxx",1410805067667
started,bundle,org.eclipse.cdt.codan.ui.cxx,1.0.0.201102110609,"org.eclipse.cdt.codan.ui.cxx",1410805067667
started,bundle,org.eclipse.cdt.core,5.2.1.201102110609,"org.eclipse.cdt.core",1410805067667
started,bundle,org.eclipse.cdt.core.tests,5.2.1.201102110609,"org.eclipse.cdt.core.tests",1410805067667
started,bundle,org.eclipse.cdt.make.core,7.0.1.201102110609,"org.eclipse.cdt.make.core",1410805067667
started,bundle,org.eclipse.cdt.make.ui,7.0.0.201102110609,"org.eclipse.cdt.make.ui",1410805067667
started,bundle,org.eclipse.cdt.managedbuilder.core,7.0.2.201102110609,"org.eclipse.cdt.managedbuilder.core",1410805067667
started,bundle,org.eclipse.cdt.scripting,1.0.0.201102110609,"org.eclipse.cdt.scripting",1410805067667
started,bundle,org.eclipse.cdt.ui,5.2.2.201102110609,"org.eclipse.cdt.ui",1410805067667
started,bundle,org.eclipse.cdt.ui.tests,5.1.1.201102110609,"org.eclipse.cdt.ui.tests",1410805067667
started,bundle,org.eclipse.core.contenttype,3.4.100.v20100505-1235,"org.eclipse.core.contenttype",1410805067667
started,bundle,org.eclipse.core.databinding.observable,1.3.0.I20100601-0800,"org.eclipse.core.databinding.observable",1410805067669
started,bundle,org.eclipse.core.expressions,3.4.200.v20100505,"org.eclipse.core.expressions",1410805067669
started,bundle,org.eclipse.core.filebuffers,3.5.100.v20100520-0800,"org.eclipse.core.filebuffers",1410805067669
started,bundle,org.eclipse.core.filesystem,1.3.1.R36x_v20100727-0745,"org.eclipse.core.filesystem",1410805067669
started,bundle,org.eclipse.core.jobs,3.5.1.R36x_v20100824,"org.eclipse.core.jobs",1410805067670
started,bundle,org.eclipse.core.net,1.2.100.I20100511-0800,"org.eclipse.core.net",1410805067670
started,bundle,org.eclipse.core.resources,3.6.1.R36x_v20110131-1630,"org.eclipse.core.resources",1410805067670
started,bundle,org.eclipse.core.runtime,3.6.0.v20100505,"org.eclipse.core.runtime",1410805067670
started,bundle,org.eclipse.core.runtime.compatibility,3.2.100.v20100505,"org.eclipse.core.runtime.compatibility",1410805067671
started,bundle,org.eclipse.core.runtime.compatibility.auth,3.2.200.v20100517,"org.eclipse.core.runtime.compatibility.auth",1410805067672
started,bundle,org.eclipse.debug.core,3.6.0.v20100519,"org.eclipse.debug.core",1410805067672
started,bundle,org.eclipse.epp.usagedata.gathering,1.3.1.R201102081640,"org.eclipse.epp.usagedata.gathering",1410805067672
started,bundle,org.eclipse.epp.usagedata.recording,1.3.1.R201102081640,"org.eclipse.epp.usagedata.recording",1410805067672
started,bundle,org.eclipse.equinox.app,1.3.1.R36x_v20100803,"org.eclipse.equinox.app",1410805067672
started,bundle,org.eclipse.equinox.common,3.6.0.v20100503,"org.eclipse.equinox.common",1410805067673
started,bundle,org.eclipse.equinox.ds,1.2.1.R36x_v20100803,"org.eclipse.equinox.ds",1410805067674
started,bundle,org.eclipse.equinox.p2.core,2.0.3.R36x_v20110111,"org.eclipse.equinox.p2.core",1410805067675
started,bundle,org.eclipse.equinox.p2.engine,2.0.1.R36x_v20110201,"org.eclipse.equinox.p2.engine",1410805067675
started,bundle,org.eclipse.equinox.p2.metadata,2.0.1.R36x_v20101202,"org.eclipse.equinox.p2.metadata",1410805067676
started,bundle,org.eclipse.equinox.p2.metadata.repository,1.1.0.v20100513,"org.eclipse.equinox.p2.metadata.repository",1410805067676
started,bundle,org.eclipse.equinox.p2.operations,2.0.0.v20100510,"org.eclipse.equinox.p2.operations",1410805067677
started,bundle,org.eclipse.equinox.p2.repository,2.0.2.R36x_v20110111-1500,"org.eclipse.equinox.p2.repository",1410805067678
started,bundle,org.eclipse.equinox.p2.ui.sdk.scheduler,1.0.0.v20100507-1815,"org.eclipse.equinox.p2.ui.sdk.scheduler",1410805067678
started,bundle,org.eclipse.equinox.p2.updatechecker,1.1.101.R36x_v20100823,"org.eclipse.equinox.p2.updatechecker",1410805067679
started,bundle,org.eclipse.equinox.preferences,3.3.0.v20100503,"org.eclipse.equinox.preferences",1410805067679
started,bundle,org.eclipse.equinox.registry,3.5.0.v20100503,"org.eclipse.equinox.registry",1410805067679
started,bundle,org.eclipse.equinox.security,1.0.200.v20100503,"org.eclipse.equinox.security",1410805067679
started,bundle,org.eclipse.equinox.util,1.0.200.v20100503,"org.eclipse.equinox.util",1410805067680
started,bundle,org.eclipse.help,3.5.0.v20100524,"org.eclipse.help",1410805067680
started,bundle,org.eclipse.jdt.apt.core,3.3.402.R36_v20110120-1000,"org.eclipse.jdt.apt.core",1410805067680
started,bundle,org.eclipse.jdt.apt.pluggable.core,1.0.301.R36_v20100727-0110,"org.eclipse.jdt.apt.pluggable.core",1410805067680
started,bundle,org.eclipse.jdt.core,3.6.2.v_A76_R36x,"org.eclipse.jdt.core",1410805067681
started,bundle,org.eclipse.jdt.core.manipulation,1.3.0.v20100520-0800,"org.eclipse.jdt.core.manipulation",1410805067681
started,bundle,org.eclipse.jdt.launching,3.5.200.v20110105_r362,"org.eclipse.jdt.launching",1410805067681
started,bundle,org.eclipse.jdt.ui,3.6.2.r362_v20110203,"org.eclipse.jdt.ui",1410805067681
started,bundle,org.eclipse.jface,3.6.2.M20110210-1200,"org.eclipse.jface",1410805067682
started,bundle,org.eclipse.jsch.core,1.1.200.I20100505-1245,"org.eclipse.jsch.core",1410805067682
started,bundle,org.eclipse.ltk.core.refactoring,3.5.101.r362_v20101117-0800,"org.eclipse.ltk.core.refactoring",1410805067682
started,bundle,org.eclipse.mylyn.bugzilla.core,3.4.2.v20100902-0100-e3x,"org.eclipse.mylyn.bugzilla.core",1410805067682
started,bundle,org.eclipse.mylyn.bugzilla.ui,3.4.3.v20110131-0100-e3x,"org.eclipse.mylyn.bugzilla.ui",1410805067682
started,bundle,org.eclipse.mylyn.commons.net,3.4.1.v20100625-2100-e3x,"org.eclipse.mylyn.commons.net",1410805067682
started,bundle,org.eclipse.mylyn.commons.ui,3.4.0.v20100608-0100-e3x,"org.eclipse.mylyn.commons.ui",1410805067683
started,bundle,org.eclipse.mylyn.context.core,3.4.1.v20100909-0100-e3x,"org.eclipse.mylyn.context.core",1410805067683
started,bundle,org.eclipse.mylyn.context.ui,3.4.2.v20110131-0100-e3x,"org.eclipse.mylyn.context.ui",1410805067683
started,bundle,org.eclipse.mylyn.monitor.ui,3.4.1.v20110131-0100-e3x,"org.eclipse.mylyn.monitor.ui",1410805067683
started,bundle,org.eclipse.mylyn.tasks.ui,3.4.3.v20110131-0100-e3x,"org.eclipse.mylyn.tasks.ui",1410805067683
started,bundle,org.eclipse.mylyn.team.ui,3.4.3.v20110131-0100-e3x,"org.eclipse.mylyn.team.ui",1410805067683
started,bundle,org.eclipse.team.core,3.5.101.R36x_v20110203-1036,"org.eclipse.team.core",1410805067683
started,bundle,org.eclipse.team.cvs.core,3.3.301.R36x_v20110119-0815,"org.eclipse.team.cvs.core",1410805067683
started,bundle,org.eclipse.team.cvs.ui,3.3.302.R36x_v20110203-1036,"org.eclipse.team.cvs.ui",1410805067683
started,bundle,org.eclipse.team.ui,3.5.102.R36x_v20110203-1036,"org.eclipse.team.ui",1410805067683
started,bundle,org.eclipse.ui,3.6.2.M20110203-1100,"org.eclipse.ui",1410805067683
started,bundle,org.eclipse.ui.console,3.5.0.v20100526,"org.eclipse.ui.console",1410805067684
started,bundle,org.eclipse.ui.editors,3.6.1.r361_v20100825-0800,"org.eclipse.ui.editors",1410805067684
started,bundle,org.eclipse.ui.forms,3.5.2.r36_v20100702,"org.eclipse.ui.forms",1410805067684
started,bundle,org.eclipse.ui.ide,3.6.2.M20101201-0800,"org.eclipse.ui.ide",1410805067684
started,bundle,org.eclipse.ui.navigator,3.5.0.I20100601-0800,"org.eclipse.ui.navigator",1410805067684
started,bundle,org.eclipse.ui.navigator.resources,3.4.202.M20101124-0800,"org.eclipse.ui.navigator.resources",1410805067684
started,bundle,org.eclipse.ui.net,1.2.100.I20100505-1245,"org.eclipse.ui.net",1410805067685
started,bundle,org.eclipse.ui.views,3.5.1.M20110202-0800,"org.eclipse.ui.views",1410805067685
started,bundle,org.eclipse.ui.workbench,3.6.2.M20110210-1200,"org.eclipse.ui.workbench",1410805067685
started,bundle,org.eclipse.ui.workbench.texteditor,3.6.1.r361_v20100714-0800,"org.eclipse.ui.workbench.texteditor",1410805067685
started,bundle,org.eclipse.update.configurator,3.3.100.v20100512,"org.eclipse.update.configurator",1410805067685
started,bundle,org.eclipse.update.core,3.2.402.R36x_v20100629,"org.eclipse.update.core",1410805067686
started,bundle,org.eclipse.update.scheduler,3.2.300.v20100512,"org.eclipse.update.scheduler",1410805067686
os,sysinfo,,,"win32",1410805067690
arch,sysinfo,,,"x86_64",1410805067690
ws,sysinfo,,,"win32",1410805067690
locale,sysinfo,,,"pt_BR",1410805067690
processors,sysinfo,,,"4",1410805067690
java.runtime.name,sysinfo,,,"Java(TM) SE Runtime Environment",1410805067690
java.runtime.version,sysinfo,,,"1.6.0_25-b06",1410805067690
java.specification.name,sysinfo,,,"Java Platform API Specification",1410805067690
java.specification.vendor,sysinfo,,,"Sun Microsystems Inc.",1410805067690
java.specification.version,sysinfo,,,"1.6",1410805067690
java.vendor,sysinfo,,,"Sun Microsystems Inc.",1410805067690
java.version,sysinfo,,,"1.6.0_25",1410805067690
java.vm.info,sysinfo,,,"mixed mode",1410805067690
java.vm.name,sysinfo,,,"Java HotSpot(TM) 64-Bit Server VM",1410805067690
java.vm.specification.name,sysinfo,,,"Java Virtual Machine Specification",1410805067690
java.vm.specification.vendor,sysinfo,,,"Sun Microsystems Inc.",1410805067690
java.vm.specification.version,sysinfo,,,"1.0",1410805067690
java.vm.vendor,sysinfo,,,"Sun Microsystems Inc.",1410805067690
java.vm.version,sysinfo,,,"20.0-b11",1410805067690
activated,view,org.eclipse.ui.navigator.resources,3.4.202.M20101124-0800,"org.eclipse.ui.navigator.ProjectExplorer",1410805069423
started,bundle,org.eclipse.search,3.6.0.v20100520-0800,"org.eclipse.search",1410805069909
started,bundle,org.eclipse.compare.core,3.5.101.R36x_v20100929-0800,"org.eclipse.compare.core",1410805069979
started,bundle,org.eclipse.compare,3.5.101.R36x_v20100929-0800,"org.eclipse.compare",1410805069983
started,bundle,org.eclipse.ltk.ui.refactoring,3.5.0.v20100526-0800,"org.eclipse.ltk.ui.refactoring",1410805071009
deactivated,workbench,org.eclipse.ui.workbench,3.6.2.M20110210-1200,"",1410805071090
activated,workbench,org.eclipse.ui.workbench,3.6.2.M20110210-1200,"",1410805074480
executed,command,org.eclipse.ltk.ui.refactoring,3.5.0.v20100526-0800,"org.eclipse.ltk.ui.refactoring.commands.deleteResources",1410805074485
executed,command,org.eclipse.ui,3.6.2.M20110203-1100,"org.eclipse.ui.edit.delete",1410805074485
deactivated,workbench,org.eclipse.ui.workbench,3.6.2.M20110210-1200,"",1410805078740
activated,workbench,org.eclipse.ui.workbench,3.6.2.M20110210-1200,"",1410805081780
opened,view,ch.usi.inf.seahawk,1.0.0,"ch.usi.inf.seahawk.views.SnippetsTreeView",1410805081810
activated,view,ch.usi.inf.seahawk,1.0.0,"ch.usi.inf.seahawk.views.SnippetsTreeView",1410805081829
executed,command,org.eclipse.ui,3.6.2.M20110203-1100,"org.eclipse.ui.views.showView",1410805081830
executed,command,org.eclipse.ui,3.6.2.M20110203-1100,"org.eclipse.ui.views.showView",1410805081830
deactivated,workbench,org.eclipse.ui.workbench,3.6.2.M20110210-1200,"",1410805085183
activated,workbench,org.eclipse.ui.workbench,3.6.2.M20110210-1200,"",1410805086086
opened,view,ch.usi.inf.seahawk,1.0.0,"ch.usi.inf.seahawk.views.SnippetView",1410805086151
activated,view,ch.usi.inf.seahawk,1.0.0,"ch.usi.inf.seahawk.views.SnippetView",1410805086164
executed,command,org.eclipse.ui,3.6.2.M20110203-1100,"org.eclipse.ui.views.showView",1410805086164
executed,command,org.eclipse.ui,3.6.2.M20110203-1100,"org.eclipse.ui.views.showView",1410805086164
activated,view,ch.usi.inf.seahawk,1.0.0,"ch.usi.inf.seahawk.views.SnippetsTreeView",1410805086802
deactivated,workbench,org.eclipse.ui.workbench,3.6.2.M20110210-1200,"",1410805087530
activated,workbench,org.eclipse.ui.workbench,3.6.2.M20110210-1200,"",1410805091822
